{"cameraMode":{"drawMode":0,"name":"Shaded","section":"Shading Mode"},"sceneLighting":false,"audioPlay":false,"sceneViewState":{"m_AlwaysRefresh":false,"showFog":true,"showSkybox":false,"showFlares":true,"showImageEffects":true,"showParticleSystems":true,"showVisualEffectGraphs":true,"m_FxEnabled":true},"in2DMode":false,"pivot":{"x":4.269999980926514,"y":0.37699997425079348,"z":5.119999885559082},"rotation":{"x":0.28102391958236697,"y":-0.10111048817634583,"z":0.02978622354567051,"w":0.9539012908935547},"size":1.5762497186660767,"orthographic":true}