{"cameraMode":{"drawMode":0,"name":"Shaded","section":"Shading Mode"},"sceneLighting":true,"audioPlay":false,"sceneViewState":{"m_AlwaysRefresh":false,"showFog":true,"showSkybox":true,"showFlares":true,"showImageEffects":true,"showParticleSystems":true,"showVisualEffectGraphs":true,"m_FxEnabled":true},"in2DMode":false,"pivot":{"x":56.339080810546878,"y":47.30086135864258,"z":-107.89168548583985},"rotation":{"x":0.16041608154773713,"y":-0.21199658513069154,"z":0.035297639667987826,"w":0.9633786082267761},"size":17.524141311645509,"orthographic":true}