{"cameraMode":{"drawMode":0,"name":"Shaded","section":"Shading Mode"},"sceneLighting":true,"audioPlay":false,"sceneViewState":{"m_AlwaysRefresh":false,"showFog":true,"showSkybox":true,"showFlares":true,"showImageEffects":true,"showParticleSystems":true,"showVisualEffectGraphs":true,"m_FxEnabled":true},"in2DMode":false,"pivot":{"x":63.76557922363281,"y":46.60616683959961,"z":-105.23564147949219},"rotation":{"x":0.15330806374549867,"y":-0.24677518010139466,"z":0.03956824541091919,"w":0.9560613632202148},"size":16.17793846130371,"orthographic":true}