{
    "name": "root",
    "gauges": {
        "PlayerAgent_0.Policy.Entropy.mean": {
            "value": 1.4189385175704956,
            "min": 1.4189385175704956,
            "max": 1.4189385175704956,
            "count": 1
        },
        "PlayerAgent_0.Policy.Entropy.sum": {
            "value": 7174.1533203125,
            "min": 7174.1533203125,
            "max": 7174.1533203125,
            "count": 1
        },
        "PlayerAgent_0.Step.mean": {
            "value": 4992.0,
            "min": 4992.0,
            "max": 4992.0,
            "count": 1
        },
        "PlayerAgent_0.Step.sum": {
            "value": 4992.0,
            "min": 4992.0,
            "max": 4992.0,
            "count": 1
        },
        "PlayerAgent_0.Policy.ExtrinsicValueEstimate.mean": {
            "value": -5.329285621643066,
            "min": -5.329285621643066,
            "max": -5.329285621643066,
            "count": 1
        },
        "PlayerAgent_0.Policy.ExtrinsicValueEstimate.sum": {
            "value": -415.68426513671875,
            "min": -415.68426513671875,
            "max": -415.68426513671875,
            "count": 1
        },
        "PlayerAgent_0.Policy.CuriosityValueEstimate.mean": {
            "value": -3.6748430728912354,
            "min": -3.6748430728912354,
            "max": -3.6748430728912354,
            "count": 1
        },
        "PlayerAgent_0.Policy.CuriosityValueEstimate.sum": {
            "value": -286.63775634765625,
            "min": -286.63775634765625,
            "max": -286.63775634765625,
            "count": 1
        },
        "PlayerAgent_0.Policy.GailValueEstimate.mean": {
            "value": 2.081188440322876,
            "min": 2.081188440322876,
            "max": 2.081188440322876,
            "count": 1
        },
        "PlayerAgent_0.Policy.GailValueEstimate.sum": {
            "value": 162.33270263671875,
            "min": 162.33270263671875,
            "max": 162.33270263671875,
            "count": 1
        },
        "PlayerAgent_0.IsTraining.mean": {
            "value": 1.0,
            "min": 1.0,
            "max": 1.0,
            "count": 1
        },
        "PlayerAgent_0.IsTraining.sum": {
            "value": 1.0,
            "min": 1.0,
            "max": 1.0,
            "count": 1
        }
    },
    "metadata": {
        "timer_format_version": "0.1.0",
        "start_time_seconds": "1730969674",
        "python_version": "3.10.12 (main, Jul  5 2023, 18:54:27) [GCC 11.2.0]",
        "command_line_arguments": "/home/ani/anaconda3/envs/unityml/bin/mlagents-learn project_config.yaml --run-id=PlayerAgent_BehaviorCloning_minus031 --results-dir=/media/ani/TOSHIBA_E1/Mobile_VR_AI/Project/Assets/Result --force",
        "mlagents_version": "1.0.0",
        "mlagents_envs_version": "1.0.0",
        "communication_protocol_version": "1.5.0",
        "pytorch_version": "2.4.1+cu121",
        "numpy_version": "1.21.2",
        "end_time_seconds": "1730969776"
    },
    "total": 102.26277000299888,
    "count": 1,
    "self": 0.005688114999429672,
    "children": {
        "run_training.setup": {
            "total": 0.06177299599949038,
            "count": 1,
            "self": 0.06177299599949038
        },
        "TrainerController.start_learning": {
            "total": 102.19530889199996,
            "count": 1,
            "self": 0.1183325040165073,
            "children": {
                "TrainerController._reset_env": {
                    "total": 14.840788417001022,
                    "count": 1,
                    "self": 14.525529390000884,
                    "children": {
                        "demo_to_buffer": {
                            "total": 0.3152590270001383,
                            "count": 2,
                            "self": 8.478599920636043e-05,
                            "children": {
                                "load_demonstration": {
                                    "total": 0.004820692000066629,
                                    "count": 2,
                                    "self": 0.00470852900070895,
                                    "children": {
                                        "read_file": {
                                            "total": 0.00011216299935767893,
                                            "count": 2,
                                            "self": 0.00011216299935767893
                                        }
                                    }
                                },
                                "make_demo_buffer": {
                                    "total": 0.3103535490008653,
                                    "count": 2,
                                    "self": 0.05801598501057015,
                                    "children": {
                                        "steps_from_proto": {
                                            "total": 0.25233756399029517,
                                            "count": 2632,
                                            "self": 0.17384884389321087,
                                            "children": {
                                                "_process_rank_one_or_two_observation": {
                                                    "total": 0.0784887200970843,
                                                    "count": 5264,
                                                    "self": 0.0784887200970843
                                                }
                                            }
                                        }
                                    }
                                }
                            }
                        }
                    }
                },
                "TrainerController.advance": {
                    "total": 87.09337925798354,
                    "count": 5680,
                    "self": 0.06937112291234371,
                    "children": {
                        "env_step": {
                            "total": 87.0240081350712,
                            "count": 5680,
                            "self": 74.64744045798034,
                            "children": {
                                "SubprocessEnvManager._take_step": {
                                    "total": 12.30731686904437,
                                    "count": 5680,
                                    "self": 0.2601596960103052,
                                    "children": {
                                        "TorchPolicy.evaluate": {
                                            "total": 12.047157173034066,
                                            "count": 5680,
                                            "self": 12.047157173034066
                                        }
                                    }
                                },
                                "workers": {
                                    "total": 0.06925080804649042,
                                    "count": 5679,
                                    "self": 0.0,
                                    "children": {
                                        "worker_root": {
                                            "total": 101.96849229799955,
                                            "count": 5679,
                                            "is_parallel": true,
                                            "self": 32.600003824893065,
                                            "children": {
                                                "run_training.setup": {
                                                    "total": 0.0,
                                                    "count": 0,
                                                    "is_parallel": true,
                                                    "self": 0.0,