{"cameraMode":{"drawMode":0,"name":"Shaded","section":"Shading Mode"},"sceneLighting":false,"audioPlay":false,"sceneViewState":{"m_AlwaysRefresh":false,"showFog":true,"showSkybox":false,"showFlares":true,"showImageEffects":true,"showParticleSystems":true,"showVisualEffectGraphs":true,"m_FxEnabled":true},"in2DMode":false,"pivot":{"x":4.269999980926514,"y":0.37699997425079348,"z":5.119999885559082},"rotation":{"x":0.13073687255382539,"y":-0.2748366594314575,"z":0.037746939808130267,"w":0.9518210887908936},"size":1.5762497186660767,"orthographic":true}