{"cameraMode":{"drawMode":0,"name":"Shaded","section":"Shading Mode"},"sceneLighting":false,"audioPlay":false,"sceneViewState":{"m_AlwaysRefresh":false,"showFog":true,"showSkybox":false,"showFlares":true,"showImageEffects":true,"showParticleSystems":true,"showVisualEffectGraphs":true,"m_FxEnabled":true},"in2DMode":false,"pivot":{"x":-1.4901161193847657e-8,"y":0.39762571454048159,"z":2.9802322387695315e-8},"rotation":{"x":0.06893973797559738,"y":-0.012571219354867936,"z":0.0008687471272423863,"w":0.9975418448448181},"size":0.45303428173065188,"orthographic":true}