{"cameraMode":{"drawMode":0,"name":"Shaded","section":"Shading Mode"},"sceneLighting":false,"audioPlay":false,"sceneViewState":{"m_AlwaysRefresh":false,"showFog":true,"showSkybox":false,"showFlares":true,"showImageEffects":true,"showParticleSystems":true,"showVisualEffectGraphs":true,"m_FxEnabled":true},"in2DMode":false,"pivot":{"x":0.03344237804412842,"y":1.9350001811981202,"z":6.090000152587891},"rotation":{"x":0.28102391958236697,"y":-0.10111048817634583,"z":0.02978622354567051,"w":0.9539012908935547},"size":2.0630462169647219,"orthographic":true}