{"cameraMode":{"drawMode":0,"name":"Shaded","section":"Shading Mode"},"sceneLighting":false,"audioPlay":false,"sceneViewState":{"m_AlwaysRefresh":false,"showFog":true,"showSkybox":false,"showFlares":true,"showImageEffects":true,"showParticleSystems":true,"showVisualEffectGraphs":true,"m_FxEnabled":true},"in2DMode":false,"pivot":{"x":-0.40816760063171389,"y":1.2300000190734864,"z":-0.006096869707107544},"rotation":{"x":0.15516331791877747,"y":-0.269516259431839,"z":0.04404469579458237,"w":0.9494028687477112},"size":1.262682318687439,"orthographic":true}