{"cameraMode":{"drawMode":0,"name":"Shaded","section":"Shading Mode"},"sceneLighting":false,"audioPlay":false,"sceneViewState":{"m_AlwaysRefresh":false,"showFog":true,"showSkybox":false,"showFlares":true,"showImageEffects":true,"showParticleSystems":true,"showVisualEffectGraphs":true,"m_FxEnabled":true},"in2DMode":false,"pivot":{"x":-2.3499999046325685,"y":1.0900001525878907,"z":32.43000030517578},"rotation":{"x":0.28102391958236697,"y":-0.10111048817634583,"z":0.02978622354567051,"w":0.9539012908935547},"size":1.2247449159622193,"orthographic":true}